"date","contributor_type","contributor_names","contributor_severity_pct","contributor_severity_label"
"2009-01-02","Trees","JUNIPER, ELM","3.3333333333332997","L=0-14"
"2009-01-02","Grass","","0.0","L=0-4"
"2009-01-02","Weeds","","0.0","L=0-9"
"2009-01-06","Trees","BIRCH, MAPLE, PINE","3.3333333333332997","L=0-14"
"2009-01-06","Grass","","0.0","L=0-4"
"2009-01-06","Weeds","","0.0","L=0-9"
"2009-01-07","Trees","ALDER, JUNIPER, PINE, WILLOW","37.0","M=15-89"
"2009-01-07","Grass","","0.0","L=0-4"
"2009-01-07","Weeds","SHEEP SORREL","2.5","L=0-9"
"2009-01-08","Trees","ALDER, ELM, JUNIPER","25.0","M=15-89"
"2009-01-08","Grass","","0.0","L=0-4"
"2009-01-08","Weeds","","0.0","L=0-9"
"2009-01-09","Trees","ALDER, JUNIPER","8.3333333333333","L=0-14"
"2009-01-09","Grass","","0.0","L=0-4"
"2009-01-09","Weeds","","0.0","L=0-9"
"2009-01-12","Trees","ALDER","1.6666666666667","L=0-14"
"2009-01-12","Grass","","0.0","L=0-4"
"2009-01-12","Weeds","","0.0","L=0-9"
"2009-01-13","Trees","ALDER, PINE","5.0","L=0-14"
"2009-01-13","Grass","","0.0","L=0-4"
"2009-01-13","Weeds","","0.0","L=0-9"
"2009-01-14","Trees","ALDER, COTTONWOOD, JUNIPER, MAPLE, PINE","10.0","L=0-14"
"2009-01-14","Grass","","0.0","L=0-4"
"2009-01-14","Weeds","","0.0","L=0-9"
"2009-01-15","Trees","ALDER","5.0","L=0-14"
"2009-01-15","Grass","","0.0","L=0-4"
"2009-01-15","Weeds","","0.0","L=0-9"
"2009-01-16","Trees","ALDER, MAPLE, PINE","3.3333333333332997","L=0-14"
"2009-01-16","Grass","","0.0","L=0-4"
"2009-01-16","Weeds","","0.0","L=0-9"
"2009-01-19","Trees","JUNIPER","1.6666666666667","L=0-14"
"2009-01-19","Grass","","0.0","L=0-4"
"2009-01-19","Weeds","RAGWEED","2.5","L=0-9"
"2009-01-20","Trees","","0.0","L=0-14"
"2009-01-20","Grass","","0.0","L=0-4"
"2009-01-20","Weeds","","0.0","L=0-9"
"2009-01-21","Trees","","0.0","L=0-14"
"2009-01-21","Grass","","0.0","L=0-4"
"2009-01-21","Weeds","","0.0","L=0-9"
"2009-01-22","Trees","","0.0","L=0-14"
"2009-01-22","Grass","","0.0","L=0-4"
"2009-01-22","Weeds","","0.0","L=0-9"
"2009-01-23","Trees","PINE, ALDER, JUNIPER","6.6666666666667","L=0-14"
"2009-01-23","Grass","","0.0","L=0-4"
"2009-01-23","Weeds","","0.0","L=0-9"
"2009-01-26","Trees","JUNIPER, ALDER, PINE","26.0","M=15-89"
"2009-01-26","Grass","","0.0","L=0-4"
"2009-01-26","Weeds","","0.0","L=0-9"
"2009-01-27","Trees","JUNIPER, SYCAMORE","1.6666666666667","L=0-14"
"2009-01-27","Grass","","0.0","L=0-4"
"2009-01-27","Weeds","","0.0","L=0-9"
"2009-01-28","Trees","PINE, JUNIPER, ALDER","29.0","M=15-89"
"2009-01-28","Grass","","0.0","L=0-4"
"2009-01-28","Weeds","","0.0","L=0-9"
"2009-01-29","Trees","ALDER, PINE, JUNIPER","8.3333333333333","L=0-14"
"2009-01-29","Grass","","0.0","L=0-4"
"2009-01-29","Weeds","","0.0","L=0-9"
"2009-01-30","Trees","ALDER, JUNIPER, PINE","10.0","L=0-14"
"2009-01-30","Grass","","0.0","L=0-4"
"2009-01-30","Weeds","","0.0","L=0-9"
"2009-02-02","Trees","ALDER, JUNIPER, PINE, ELM, MAPLE","42.333333333333","M=15-89"
"2009-02-02","Grass","","0.0","L=0-4"
"2009-02-02","Weeds","","0.0","L=0-9"
"2009-02-03","Trees","JUNIPER, PINE, ALDER","10.0","L=0-14"
"2009-02-03","Grass","","0.0","L=0-4"
"2009-02-03","Weeds","","0.0","L=0-9"
"2009-02-04","Trees","ALDER, MAPLE, PINE, JUNIPER","23.333333333333","L=0-14"
"2009-02-04","Grass","","0.0","L=0-4"
"2009-02-04","Weeds","","0.0","L=0-9"
"2009-02-05","Trees","ALDER, JUNIPER, PINE","6.6666666666667","L=0-14"
"2009-02-05","Grass","","0.0","L=0-4"
"2009-02-05","Weeds","","0.0","L=0-9"
"2009-02-06","Trees","ALDER, BIRCH, PINE","3.3333333333332997","L=0-14"
"2009-02-06","Grass","","0.0","L=0-4"
"2009-02-06","Weeds","","0.0","L=0-9"
"2009-02-09","Trees","JUNIPER, ELM, ALDER, MAPLE, BIRCH","38.333333333333","M=15-89"
"2009-02-09","Grass","","0.0","L=0-4"
"2009-02-09","Weeds","","0.0","L=0-9"
"2009-02-10","Trees","JUNIPER, ELM, ALDER, PINE, MAPLE","55.08865248226999","H=90-1499"
"2009-02-10","Grass","","0.0","L=0-4"
"2009-02-10","Weeds","","0.0","L=0-9"
"2009-02-11","Trees","ELM, ALDER, JUNIPER, MAPLE, BIRCH","51.595744680851","H=90-1499"
"2009-02-11","Grass","","0.0","L=0-4"
"2009-02-11","Weeds","SHEEP SORREL","2.5","L=0-9"
"2009-02-12","Trees","MAPLE, ELM, JUNIPER, ALDER, BIRCH","54.007092198582","H=90-1499"
"2009-02-12","Grass","","0.0","L=0-4"
"2009-02-12","Weeds","RAGWEED","2.5","L=0-9"
"2009-02-13","Trees","ELM, JUNIPER, ALDER, MAPLE, PINE","44.333333333332995","M=15-89"
"2009-02-13","Grass","GRASS","5.0","L=0-4"
"2009-02-13","Weeds","RAGWEED","2.5","L=0-9"
"2009-02-16","Trees","ELM, JUNIPER, ALDER, OAK, BIRCH","50.602836879433","H=90-1499"
"2009-02-16","Grass","GRASS","5.0","L=0-4"
"2009-02-16","Weeds","SHEEP SORREL, RAGWEED","5.0","L=0-9"
"2009-02-17","Trees","ELM, JUNIPER, ALDER, MAPLE, PINE","37.666666666667","M=15-89"
"2009-02-17","Grass","","0.0","L=0-4"
"2009-02-17","Weeds","","0.0","L=0-9"
"2009-02-18","Trees","ELM, MAPLE, JUNIPER, ALDER, PINE","43.333333333332995","M=15-89"
"2009-02-18","Grass","","0.0","L=0-4"
"2009-02-18","Weeds","","0.0","L=0-9"
"2009-02-19","Trees","JUNIPER, ELM, MAPLE, ALDER, OAK","53.900709219858","H=90-1499"
"2009-02-19","Grass","GRASS","5.0","L=0-4"
"2009-02-19","Weeds","","0.0","L=0-9"
"2009-02-20","Trees","JUNIPER, ELM, ALDER, MAPLE, OAK","52.553191489362","H=90-1499"
"2009-02-20","Grass","GRASS","10.0","L=0-4"
"2009-02-20","Weeds","SHEEP SORREL","2.5","L=0-9"
"2009-02-23","Trees","ELM, JUNIPER, MAPLE, ALDER, PINE","34.333333333333","M=15-89"
"2009-02-23","Grass","","0.0","L=0-4"
"2009-02-23","Weeds","","0.0","L=0-9"
"2009-02-24","Trees","ELM, JUNIPER, ALDER, BIRCH, MAPLE","28.333333333333","M=15-89"
"2009-02-24","Grass","","0.0","L=0-4"
"2009-02-24","Weeds","","0.0","L=0-9"
"2009-02-25","Trees","ALDER, JUNIPER, ELM, MAPLE","28.666666666667","M=15-89"
"2009-02-25","Grass","","0.0","L=0-4"
"2009-02-25","Weeds","","0.0","L=0-9"
"2009-02-26","Trees","JUNIPER, ELM, MAPLE, ALDER, PINE","38.666666666667","M=15-89"
"2009-02-26","Grass","","0.0","L=0-4"
"2009-02-26","Weeds","","0.0","L=0-9"
"2009-02-27","Trees","JUNIPER, OAK, ELM, MAPLE, BIRCH","50.868794326240995","H=90-1499"
"2009-02-27","Grass","GRASS","5.0","L=0-4"
"2009-02-27","Weeds","SHEEP SORREL","2.5","L=0-9"
"2009-02-28","Trees","","0.0","L=0-14"
"2009-02-28","Grass","","0.0","L=0-4"
"2009-02-28","Weeds","","0.0","L=0-9"
"2009-03-02","Trees","ELM, MAPLE, JUNIPER, WILLOW","32.333333333333","M=15-89"
"2009-03-02","Grass","","0.0","L=0-4"
"2009-03-02","Weeds","SHEEP SORREL","2.5","L=0-9"
"2009-03-03","Trees","JUNIPER, ALDER, MAPLE, OAK, PINE","27.0","M=15-89"
"2009-03-03","Grass","","0.0","L=0-4"
"2009-03-03","Weeds","","0.0","L=0-9"
"2009-03-04","Trees","ALDER, ELM, JUNIPER, MAPLE, PINE","16.666666666667","L=0-14"
"2009-03-04","Grass","","0.0","L=0-4"
"2009-03-04","Weeds","","0.0","L=0-9"
"2009-03-05","Trees","JUNIPER, MAPLE, WILLOW, ELM","8.3333333333333","L=0-14"
"2009-03-05","Grass","","0.0","L=0-4"
"2009-03-05","Weeds","","0.0","L=0-9"
"2009-03-06","Trees","JUNIPER, MAPLE, BIRCH, OAK, PINE","26.333333333333","M=15-89"
"2009-03-06","Grass","","0.0","L=0-4"
"2009-03-06","Weeds","","0.0","L=0-9"
"2009-03-09","Trees","PINE, JUNIPER, OAK, BIRCH, MAPLE","50.141843971631005","H=90-1499"
"2009-03-09","Grass","GRASS","10.0","L=0-4"
"2009-03-09","Weeds","SHEEP SORREL","2.5","L=0-9"
"2009-03-10","Trees","BIRCH, OAK, PINE, SYCAMORE, JUNIPER","51.418439716312","H=90-1499"
"2009-03-10","Grass","","0.0","L=0-4"
"2009-03-10","Weeds","NETTLE","2.5","L=0-9"
"2009-03-11","Trees","OAK, BIRCH, PINE, JUNIPER, MAPLE","49.333333333332995","M=15-89"
"2009-03-11","Grass","GRASS","10.0","L=0-4"
"2009-03-11","Weeds","SHEEP SORREL, RAGWEED","5.0","L=0-9"
"2009-03-12","Trees","OAK, BIRCH, JUNIPER, SYCAMORE, PINE","50.460992907801","H=90-1499"
"2009-03-12","Grass","","0.0","L=0-4"
"2009-03-12","Weeds","SHEEP SORREL","2.5","L=0-9"
"2009-03-13","Trees","PINE, JUNIPER, OAK, BIRCH, ELM","50.265957446809","H=90-1499"
"2009-03-13","Grass","","0.0","L=0-4"
"2009-03-13","Weeds","","0.0","L=0-9"
"2009-03-16","Trees","PINE, WILLOW","5.0","L=0-14"
"2009-03-16","Grass","","0.0","L=0-4"
"2009-03-16","Weeds","","0.0","L=0-9"
"2009-03-17","Trees","PINE, JUNIPER","6.6666666666667","L=0-14"
"2009-03-17","Grass","","0.0","L=0-4"
"2009-03-17","Weeds","","0.0","L=0-9"
"2009-03-18","Trees","PINE, OAK, BIRCH, SWEET GUM, COTTONWOOD","47.666666666667005","M=15-89"
"2009-03-18","Grass","","0.0","L=0-4"
"2009-03-18","Weeds","SHEEP SORREL","2.5","L=0-9"
"2009-03-19","Trees","PINE, BIRCH, OAK, SYCAMORE, JUNIPER","50.460992907801","H=90-1499"
"2009-03-19","Grass","","0.0","L=0-4"
"2009-03-19","Weeds","","0.0","L=0-9"
"2009-03-20","Trees","PINE, BIRCH, JUNIPER, SWEET GUM, OAK","34.666666666667","M=15-89"
"2009-03-20","Grass","GRASS","5.0","L=0-4"
"2009-03-20","Weeds","SHEEP SORREL","2.5","L=0-9"
"2009-03-23","Trees","PINE, BIRCH, OAK, MAPLE, SWEET GUM","51.631205673759005","H=90-1499"
"2009-03-23","Grass","GRASS","5.0","L=0-4"
"2009-03-23","Weeds","SHEEP SORREL, RAGWEED","12.5","L=0-9"
"2009-03-24","Trees","OAK, PINE, BIRCH, SWEET GUM, SYCAMORE","59.255319148936","H=90-1499"
"2009-03-24","Grass","","0.0","L=0-4"
"2009-03-24","Weeds","","0.0","L=0-9"
"2009-03-25","Trees","PINE, OAK, BIRCH, SWEET GUM, SYCAMORE","66.560283687943","H=90-1499"
"2009-03-25","Grass","","0.0","L=0-4"
"2009-03-25","Weeds","SHEEP SORREL","22.5","L=0-9"
"2009-03-26","Trees","OAK, PINE, SWEET GUM, BIRCH, WILLOW","45.333333333332995","M=15-89"
"2009-03-26","Grass","GRASS","5.0","L=0-4"
"2009-03-26","Weeds","","0.0","L=0-9"
"2009-03-27","Trees","PINE, OAK, BIRCH, WILLOW, SYCAMORE","50.921985815603","H=90-1499"
"2009-03-27","Grass","GRASS","5.0","L=0-4"
"2009-03-27","Weeds","SHEEP SORREL","2.5","L=0-9"
"2009-03-30","Trees","OAK, PINE, SYCAMORE, SWEET GUM, BIRCH","88.833333333333","E=1500+"
"2009-03-30","Grass","GRASS","10.0","L=0-4"
"2009-03-30","Weeds","RAGWEED","5.0","L=0-9"
"2009-03-31","Trees","OAK, PINE, SWEET GUM, BIRCH, SYCAMORE","51.77304964539","H=90-1499"
"2009-03-31","Grass","GRASS","10.0","L=0-4"
"2009-03-31","Weeds","","0.0","L=0-9"
"2009-04-01","Trees","PINE, OAK, SWEET GUM, BIRCH, SYCAMORE","70.549645390071","H=90-1499"
"2009-04-01","Grass","","0.0","L=0-4"
"2009-04-01","Weeds","NETTLE, SHEEP SORREL","10.0","L=0-9"
"2009-04-02","Trees","OAK, PINE, MAPLE, BIRCH, SWEET GUM","52.198581560284005","H=90-1499"
"2009-04-02","Grass","","0.0","L=0-4"
"2009-04-02","Weeds","","0.0","L=0-9"
"2009-04-03","Trees","PINE, OAK, BIRCH, SYCAMORE, MULBERRY","67.25177304964501","H=90-1499"
"2009-04-03","Grass","GRASS","10.0","L=0-4"
"2009-04-03","Weeds","","0.0","L=0-9"
"2009-04-06","Trees","PINE, OAK, SWEET GUM, MAPLE, BIRCH","99.0","E=1500+"
"2009-04-06","Grass","","0.0","L=0-4"
"2009-04-06","Weeds","","0.0","L=0-9"
"2009-04-07","Trees","PINE, OAK, SWEET GUM, BIRCH, MAPLE","95.916666666667","E=1500+"
"2009-04-07","Grass","GRASS","20.0","L=0-4"
"2009-04-07","Weeds","SHEEP SORREL","29.375","M=10-49"
"2009-04-08","Trees","PINE, OAK, SWEET GUM, SYCAMORE, BIRCH","70.035460992908","H=90-1499"
"2009-04-08","Grass","","0.0","L=0-4"
"2009-04-08","Weeds","SHEEP SORREL","2.5","L=0-9"
"2009-04-09","Trees","PINE, OAK, SWEET GUM, SYCAMORE, BIRCH","69.36170212766","H=90-1499"
"2009-04-09","Grass","","0.0","L=0-4"
"2009-04-09","Weeds","","0.0","L=0-9"
"2009-04-10","Trees","OAK, PINE, SWEET GUM, SYCAMORE, BIRCH","86.5","E=1500+"
"2009-04-10","Grass","","0.0","L=0-4"
"2009-04-10","Weeds","SHEEP SORREL","10.0","L=0-9"
"2009-04-13","Trees","OAK, PINE, SYCAMORE, SWEET GUM, MAPLE","64.787234042553","H=90-1499"
"2009-04-13","Grass","GRASS","10.0","L=0-4"
"2009-04-13","Weeds","SHEEP SORREL","28.125","M=10-49"
"2009-04-14","Trees","OAK, PINE, MULBERRY, SYCAMORE, WILLOW","53.617021276596006","H=90-1499"
"2009-04-14","Grass","","0.0","L=0-4"
"2009-04-14","Weeds","SHEEP SORREL","2.5","L=0-9"
"2009-04-15","Trees","OAK, PINE, MULBERRY, SYCAMORE, WILLOW","64.858156028369","H=90-1499"
"2009-04-15","Grass","GRASS","20.0","L=0-4"
"2009-04-15","Weeds","","0.0","L=0-9"
"2009-04-16","Trees","OAK, PINE, SWEET GUM, SYCAMORE, MULBERRY","53.262411347518","H=90-1499"
"2009-04-16","Grass","","0.0","L=0-4"
"2009-04-16","Weeds","SHEEP SORREL","2.5","L=0-9"
"2009-04-17","Trees","OAK, PINE, SYCAMORE, WILLOW, MULBERRY","61.010638297872","H=90-1499"
"2009-04-17","Grass","","0.0","L=0-4"
"2009-04-17","Weeds","","0.0","L=0-9"
"2009-04-20","Trees","OAK, SYCAMORE, PINE, MULBERRY, WILLOW","59.822695035460995","H=90-1499"
"2009-04-20","Grass","GRASS","20.0","L=0-4"
"2009-04-20","Weeds","","0.0","L=0-9"
"2009-04-21","Trees","OAK, PINE, SYCAMORE, WILLOW, MULBERRY","50.744680851064","H=90-1499"
"2009-04-21","Grass","GRASS","5.0","L=0-4"
"2009-04-21","Weeds","SHEEP SORREL","5.0","L=0-9"
"2009-04-22","Trees","OAK, PINE, SYCAMORE, WILLOW, HICKORY","63.173758865248004","H=90-1499"
"2009-04-22","Grass","","0.0","L=0-4"
"2009-04-22","Weeds","","0.0","L=0-9"
"2009-04-23","Trees","OAK, PINE, SYCAMORE, HICKORY, SWEET GUM","59.946808510638","H=90-1499"
"2009-04-23","Grass","GRASS","38.333333333333","M=5-19"
"2009-04-23","Weeds","SHEEP SORREL","10.0","L=0-9"
"2009-04-24","Trees","OAK, SYCAMORE, PINE, HICKORY, WILLOW","32.333333333333","M=15-89"
"2009-04-24","Grass","GRASS","5.0","L=0-4"
"2009-04-24","Weeds","","0.0","L=0-9"
"2009-04-27","Trees","OAK, PINE, HICKORY, SYCAMORE, WILLOW","50.567375886525","H=90-1499"
"2009-04-27","Grass","GRASS","20.0","L=0-4"
"2009-04-27","Weeds","SHEEP SORREL","2.5","L=0-9"
"2009-04-28","Trees","OAK, HICKORY, PINE, SYCAMORE, MULBERRY","42.333333333333","M=15-89"
"2009-04-28","Grass","GRASS","20.0","L=0-4"
"2009-04-28","Weeds","SHEEP SORREL","10.0","L=0-9"
"2009-04-29","Trees","HICKORY, OAK, PINE, SYCAMORE, MULBERRY","46.666666666667005","M=15-89"
"2009-04-29","Grass","GRASS","31.666666666667","M=5-19"
"2009-04-29","Weeds","SHEEP SORREL, NETTLE","15.0","L=0-9"
"2009-04-30","Trees","HICKORY, OAK, PINE, WALNUT, SYCAMORE","50.124113475177005","H=90-1499"
"2009-04-30","Grass","GRASS","20.0","L=0-4"
"2009-04-30","Weeds","SHEEP SORREL, PLANTAIN","17.5","L=0-9"
"2009-05-01","Trees","HICKORY, OAK, PINE, SYCAMORE, WALNUT","51.258865248226996","H=90-1499"
"2009-05-01","Grass","GRASS","41.666666666667","M=5-19"
"2009-05-01","Weeds","SHEEP SORREL, PLANTAIN, RAGWEED, NETTLE","22.5","L=0-9"
"2009-05-04","Trees","HICKORY, PINE, OAK, SWEET GUM, SYCAMORE","37.666666666667","M=15-89"
"2009-05-04","Grass","GRASS","28.333333333333","M=5-19"
"2009-05-04","Weeds","RAGWEED","2.5","L=0-9"
"2009-05-05","Trees","HICKORY, MULBERRY, OAK, PINE, SWEET GUM","18.333333333333","L=0-14"
"2009-05-05","Grass","GRASS","15.0","L=0-4"
"2009-05-05","Weeds","SHEEP SORREL","5.0","L=0-9"
"2009-05-06","Trees","HICKORY, OAK, PINE, WALNUT, WILLOW","29.333333333333","M=15-89"
"2009-05-06","Grass","GRASS","5.0","L=0-4"
"2009-05-06","Weeds","PLANTAIN, SHEEP SORREL","5.0","L=0-9"
"2009-05-07","Trees","PINE, BEECH, HICKORY, BIRCH, MULBERRY","26.666666666667","M=15-89"
"2009-05-07","Grass","GRASS","28.333333333333","M=5-19"
"2009-05-07","Weeds","","0.0","L=0-9"
"2009-05-08","Trees","HICKORY, PINE, WALNUT, JUNIPER, MULBERRY","21.666666666667","L=0-14"
"2009-05-08","Grass","GRASS","30.0","M=5-19"
"2009-05-08","Weeds","PLANTAIN, SHEEP SORREL","2.5","L=0-9"
"2009-05-11","Trees","HICKORY, MULBERRY, SYCAMORE, PINE, WILLOW","31.333333333333","M=15-89"
"2009-05-11","Grass","GRASS","15.0","L=0-4"
"2009-05-11","Weeds","PLANTAIN, CATTAIL","2.5","L=0-9"
"2009-05-12","Trees","HICKORY, MULBERRY, PINE, OAK, WALNUT","27.666666666667","M=15-89"
"2009-05-12","Grass","GRASS","26.666666666667","M=5-19"
"2009-05-12","Weeds","NETTLE, PLANTAIN","5.0","L=0-9"
"2009-05-13","Trees","HICKORY, PINE, WILLOW, MULBERRY, OAK","34.333333333333","M=15-89"
"2009-05-13","Grass","GRASS","36.666666666667","M=5-19"
"2009-05-13","Weeds","CATTAIL, PLANTAIN, SHEEP SORREL","10.0","L=0-9"
"2009-05-14","Trees","PINE, HICKORY, WILLOW, WALNUT, JUNIPER","26.0","M=15-89"
"2009-05-14","Grass","GRASS","36.666666666667","M=5-19"
"2009-05-14","Weeds","SHEEP SORREL, PLANTAIN","5.0","L=0-9"
"2009-05-15","Trees","HICKORY, PINE, WILLOW, COTTONWOOD, MULBERRY","28.333333333333","M=15-89"
"2009-05-15","Grass","GRASS","25.0","M=5-19"
"2009-05-15","Weeds","SHEEP SORREL, PIGWEED","5.0","L=0-9"
"2009-05-18","Trees","BIRCH, HICKORY, MAPLE, OAK, PINE","6.6666666666667","L=0-14"
"2009-05-18","Grass","GRASS","5.0","L=0-4"
"2009-05-18","Weeds","","0.0","L=0-9"
"2009-05-19","Trees","PINE, OAK, HICKORY, BEECH, WALNUT","44.333333333332995","M=15-89"
"2009-05-19","Grass","GRASS","38.333333333333","M=5-19"
"2009-05-19","Weeds","SHEEP SORREL, NETTLE","5.0","L=0-9"
"2009-05-20","Trees","PINE, WILLOW, OAK, WALNUT, HICKORY","32.333333333333","M=15-89"
"2009-05-20","Grass","GRASS","33.333333333333","M=5-19"
"2009-05-20","Weeds","SHEEP SORREL, PLANTAIN","10.0","L=0-9"
"2009-05-21","Trees","HICKORY, PINE, WILLOW, OAK, SYCAMORE","30.333333333333","M=15-89"
"2009-05-21","Grass","GRASS","40.0","M=5-19"
"2009-05-21","Weeds","SHEEP SORREL","5.0","L=0-9"
"2009-05-22","Trees","HICKORY, PINE, WILLOW, SYCAMORE, WALNUT","26.0","M=15-89"
"2009-05-22","Grass","GRASS","28.333333333333","M=5-19"
"2009-05-22","Weeds","SHEEP SORREL, PLANTAIN, NETTLE","10.0","L=0-9"
"2009-05-26","Trees","HICKORY, PINE, BIRCH","6.6666666666667","L=0-14"
"2009-05-26","Grass","GRASS","25.0","M=5-19"
"2009-05-26","Weeds","PLANTAIN, NETTLE","5.0","L=0-9"
"2009-05-27","Trees","MAPLE","1.6666666666667","L=0-14"
"2009-05-27","Grass","GRASS","10.0","L=0-4"
"2009-05-27","Weeds","","0.0","L=0-9"
"2009-05-28","Trees","HICKORY, PINE, SYCAMORE, WALNUT","13.333333333333002","L=0-14"
"2009-05-28","Grass","GRASS","20.0","L=0-4"
"2009-05-28","Weeds","NETTLE, RAGWEED, SHEEP SORREL","5.0","L=0-9"
"2009-05-29","Trees","BEECH, PINE, SYCAMORE","3.3333333333332997","L=0-14"
"2009-05-29","Grass","GRASS","36.666666666667","M=5-19"
"2009-05-29","Weeds","PLANTAIN, NETTLE","12.5","L=0-9"
"2009-06-01","Trees","BIRCH, BEECH, WILLOW, PINE, ASH","32.666666666667","M=15-89"
"2009-06-01","Grass","GRASS","50.416666666667005","H=20-199"
"2009-06-01","Weeds","RAGWEED, PLANTAIN","10.0","L=0-9"
"2009-06-02","Trees","PINE, BIRCH, BEECH","13.333333333333002","L=0-14"
"2009-06-02","Grass","GRASS","38.333333333333","M=5-19"
"2009-06-02","Weeds","PLANTAIN, SHEEP SORREL","10.0","L=0-9"
"2009-06-03","Trees","BIRCH, PINE, WILLOW, BEECH, JUNIPER","20.0","L=0-14"
"2009-06-03","Grass","GRASS","15.0","L=0-4"
"2009-06-03","Weeds","RAGWEED, PLANTAIN, SHEEP SORREL","15.0","L=0-9"
"2009-06-04","Trees","WILLOW, SYCAMORE, BIRCH, MULBERRY, OAK","13.333333333333002","L=0-14"
"2009-06-04","Grass","GRASS","20.0","L=0-4"
"2009-06-04","Weeds","SHEEP SORREL, PLANTAIN, RAGWEED","5.0","L=0-9"
"2009-06-05","Trees","OAK, PINE","1.6666666666667","L=0-14"
"2009-06-05","Grass","","0.0","L=0-4"
"2009-06-05","Weeds","PLANTAIN","2.5","L=0-9"
"2009-06-08","Trees","BIRCH, PINE","1.6666666666667","L=0-14"
"2009-06-08","Grass","GRASS","5.0","L=0-4"
"2009-06-08","Weeds","PLANTAIN, SHEEP SORREL","2.5","L=0-9"
"2009-06-09","Trees","PINE, SYCAMORE","1.6666666666667","L=0-14"
"2009-06-09","Grass","GRASS","5.0","L=0-4"
"2009-06-09","Weeds","RAGWEED","2.5","L=0-9"
"2009-06-10","Trees","BEECH, MAPLE, PINE","6.6666666666667","L=0-14"
"2009-06-10","Grass","GRASS","30.0","M=5-19"
"2009-06-10","Weeds","PLANTAIN","5.0","L=0-9"
"2009-06-11","Trees","WILLOW, OAK","3.3333333333332997","L=0-14"
"2009-06-11","Grass","GRASS","5.0","L=0-4"
"2009-06-11","Weeds","PLANTAIN","2.5","L=0-9"
"2009-06-12","Trees","MAPLE","1.6666666666667","L=0-14"
"2009-06-12","Grass","GRASS","5.0","L=0-4"
"2009-06-12","Weeds","PLANTAIN, SHEEP SORREL","17.5","L=0-9"
"2009-06-15","Trees","BEECH, HICKORY, PINE","3.3333333333332997","L=0-14"
"2009-06-15","Grass","GRASS","5.0","L=0-4"
"2009-06-15","Weeds","PLANTAIN, NETTLE","5.0","L=0-9"
"2009-06-16","Trees","BEECH, OAK, PINE, SWEET GUM, SYCAMORE","5.0","L=0-14"
"2009-06-16","Grass","","0.0","L=0-4"
"2009-06-16","Weeds","PLANTAIN, RAGWEED","12.5","L=0-9"
"2009-06-17","Trees","PINE","1.6666666666667","L=0-14"
"2009-06-17","Grass","GRASS","5.0","L=0-4"
"2009-06-17","Weeds","PLANTAIN","10.0","L=0-9"
"2009-06-18","Trees","JUNIPER, PINE, WILLOW, HICKORY","5.0","L=0-14"
"2009-06-18","Grass","GRASS","5.0","L=0-4"
"2009-06-18","Weeds","PLANTAIN, SHEEP SORREL","10.0","L=0-9"
"2009-06-19","Trees","","0.0","L=0-14"
"2009-06-19","Grass","GRASS","5.0","L=0-4"
"2009-06-19","Weeds","PLANTAIN","15.0","L=0-9"
"2009-06-22","Trees","WILLOW, BIRCH, HICKORY","3.3333333333332997","L=0-14"
"2009-06-22","Grass","","0.0","L=0-4"
"2009-06-22","Weeds","PLANTAIN, SHEEP SORREL","5.0","L=0-9"
"2009-06-23","Trees","JUNIPER","1.6666666666667","L=0-14"
"2009-06-23","Grass","GRASS","5.0","L=0-4"
"2009-06-23","Weeds","PLANTAIN, SHEEP SORREL","5.0","L=0-9"
"2009-06-24","Trees","PINE","1.6666666666667","L=0-14"
"2009-06-24","Grass","","0.0","L=0-4"
"2009-06-24","Weeds","PLANTAIN","7.5","L=0-9"
"2009-06-25","Trees","OAK","3.3333333333332997","L=0-14"
"2009-06-25","Grass","GRASS","5.0","L=0-4"
"2009-06-25","Weeds","PLANTAIN, RAGWEED, SHEEP SORREL","10.0","L=0-9"
"2009-06-26","Trees","PINE","1.6666666666667","L=0-14"
"2009-06-26","Grass","GRASS","5.0","L=0-4"
"2009-06-26","Weeds","PLANTAIN","2.5","L=0-9"
"2009-06-29","Trees","PINE","1.6666666666667","L=0-14"
"2009-06-29","Grass","GRASS","5.0","L=0-4"
"2009-06-29","Weeds","PLANTAIN","2.5","L=0-9"
"2009-06-30","Trees","PINE","1.6666666666667","L=0-14"
"2009-06-30","Grass","GRASS","10.0","L=0-4"
"2009-06-30","Weeds","PLANTAIN, SHEEP SORREL","10.0","L=0-9"
"2009-07-01","Trees","PINE, HICKORY, MAPLE, WILLOW","6.6666666666667","L=0-14"
"2009-07-01","Grass","GRASS","10.0","L=0-4"
"2009-07-01","Weeds","PLANTAIN, SHEEP SORREL","2.5","L=0-9"
"2009-07-02","Trees","PINE","1.6666666666667","L=0-14"
"2009-07-02","Grass","GRASS","5.0","L=0-4"
"2009-07-02","Weeds","PLANTAIN, RAGWEED","7.5","L=0-9"
"2009-07-06","Trees","BEECH, JUNIPER, PINE","3.3333333333332997","L=0-14"
"2009-07-06","Grass","GRASS","5.0","L=0-4"
"2009-07-06","Weeds","PLANTAIN, NETTLE, PIGWEED, CATTAIL","12.5","L=0-9"
"2009-07-07","Trees","PINE","1.6666666666667","L=0-14"
"2009-07-07","Grass","GRASS","5.0","L=0-4"
"2009-07-07","Weeds","PLANTAIN","2.5","L=0-9"
"2009-07-08","Trees","BEECH","1.6666666666667","L=0-14"
"2009-07-08","Grass","","0.0","L=0-4"
"2009-07-08","Weeds","PLANTAIN","2.5","L=0-9"
"2009-07-09","Trees","OAK, PINE, WILLOW, JUNIPER","10.0","L=0-14"
"2009-07-09","Grass","GRASS","10.0","L=0-4"
"2009-07-09","Weeds","PLANTAIN, SHEEP SORREL","5.0","L=0-9"
"2009-07-10","Trees","","0.0","L=0-14"
"2009-07-10","Grass","GRASS","10.0","L=0-4"
"2009-07-10","Weeds","PLANTAIN","2.5","L=0-9"
"2009-07-13","Trees","JUNIPER, MULBERRY, PINE","3.3333333333332997","L=0-14"
"2009-07-13","Grass","","0.0","L=0-4"
"2009-07-13","Weeds","","0.0","L=0-9"
"2009-07-14","Trees","","0.0","L=0-14"
"2009-07-14","Grass","GRASS","5.0","L=0-4"
"2009-07-14","Weeds","PIGWEED, RAGWEED, NETTLE","5.0","L=0-9"
"2009-07-15","Trees","","0.0","L=0-14"
"2009-07-15","Grass","GRASS","5.0","L=0-4"
"2009-07-15","Weeds","NETTLE, PLANTAIN","2.5","L=0-9"
"2009-07-16","Trees","HICKORY","1.6666666666667","L=0-14"
"2009-07-16","Grass","GRASS","5.0","L=0-4"
"2009-07-16","Weeds","NETTLE, PLANTAIN","5.0","L=0-9"
"2009-07-17","Trees","JUNIPER, PINE","1.6666666666667","L=0-14"
"2009-07-17","Grass","GRASS","5.0","L=0-4"
"2009-07-17","Weeds","PLANTAIN","2.5","L=0-9"
"2009-07-20","Trees","","0.0","L=0-14"
"2009-07-20","Grass","","0.0","L=0-4"
"2009-07-20","Weeds","PLANTAIN, PIGWEED","7.5","L=0-9"
"2009-07-21","Trees","","0.0","L=0-14"
"2009-07-21","Grass","GRASS","5.0","L=0-4"
"2009-07-21","Weeds","PLANTAIN, PIGWEED","5.0","L=0-9"
"2009-07-22","Trees","JUNIPER","1.6666666666667","L=0-14"
"2009-07-22","Grass","GRASS","5.0","L=0-4"
"2009-07-22","Weeds","","0.0","L=0-9"
"2009-07-23","Trees","PINE, WILLOW","3.3333333333332997","L=0-14"
"2009-07-23","Grass","GRASS","5.0","L=0-4"
"2009-07-23","Weeds","PIGWEED, PLANTAIN","5.0","L=0-9"
"2009-07-24","Trees","PINE","1.6666666666667","L=0-14"
"2009-07-24","Grass","GRASS","5.0","L=0-4"
"2009-07-24","Weeds","PLANTAIN","2.5","L=0-9"
"2009-07-27","Trees","","0.0","L=0-14"
"2009-07-27","Grass","GRASS","5.0","L=0-4"
"2009-07-27","Weeds","PLANTAIN, RAGWEED","5.0","L=0-9"
"2009-07-28","Trees","JUNIPER","1.6666666666667","L=0-14"
"2009-07-28","Grass","GRASS","5.0","L=0-4"
"2009-07-28","Weeds","PLANTAIN, RAGWEED","10.0","L=0-9"
"2009-07-29","Trees","PINE","1.6666666666667","L=0-14"
"2009-07-29","Grass","GRASS","10.0","L=0-4"
"2009-07-29","Weeds","PLANTAIN, SHEEP SORREL","10.0","L=0-9"
"2009-07-30","Trees","","0.0","L=0-14"
"2009-07-30","Grass","GRASS","10.0","L=0-4"
"2009-07-30","Weeds","RAGWEED, SHEEP SORREL","2.5","L=0-9"
"2009-07-31","Trees","","0.0","L=0-14"
"2009-07-31","Grass","GRASS","10.0","L=0-4"
"2009-07-31","Weeds","","0.0","L=0-9"
"2009-08-03","Trees","PINE","1.6666666666667","L=0-14"
"2009-08-03","Grass","","0.0","L=0-4"
"2009-08-03","Weeds","PLANTAIN, PIGWEED","5.0","L=0-9"
"2009-08-04","Trees","PINE","1.6666666666667","L=0-14"
"2009-08-04","Grass","GRASS","20.0","L=0-4"
"2009-08-04","Weeds","PIGWEED","2.5","L=0-9"
"2009-08-05","Trees","MULBERRY","1.6666666666667","L=0-14"
"2009-08-05","Grass","GRASS","15.0","L=0-4"
"2009-08-05","Weeds","PIGWEED, PLANTAIN, NETTLE","7.5","L=0-9"
"2009-08-06","Trees","PINE, OAK","3.3333333333332997","L=0-14"
"2009-08-06","Grass","GRASS","10.0","L=0-4"
"2009-08-06","Weeds","PLANTAIN","2.5","L=0-9"
"2009-08-07","Trees","","0.0","L=0-14"
"2009-08-07","Grass","GRASS","5.0","L=0-4"
"2009-08-07","Weeds","PIGWEED, RAGWEED","5.0","L=0-9"
"2009-08-10","Trees","","0.0","L=0-14"
"2009-08-10","Grass","GRASS","10.0","L=0-4"
"2009-08-10","Weeds","","0.0","L=0-9"
"2009-08-11","Trees","WILLOW","1.6666666666667","L=0-14"
"2009-08-11","Grass","GRASS","10.0","L=0-4"
"2009-08-11","Weeds","PIGWEED, PLANTAIN","2.5","L=0-9"
"2009-08-12","Trees","","0.0","L=0-14"
"2009-08-12","Grass","GRASS","20.0","L=0-4"
"2009-08-12","Weeds","PIGWEED, NETTLE","10.0","L=0-9"
"2009-08-13","Trees","JUNIPER, MULBERRY, SYCAMORE","3.3333333333332997","L=0-14"
"2009-08-13","Grass","GRASS","10.0","L=0-4"
"2009-08-13","Weeds","NETTLE","2.5","L=0-9"
"2009-08-14","Trees","","0.0","L=0-14"
"2009-08-14","Grass","GRASS","5.0","L=0-4"
"2009-08-14","Weeds","PLANTAIN, NETTLE, PIGWEED","5.0","L=0-9"
"2009-08-17","Trees","","0.0","L=0-14"
"2009-08-17","Grass","GRASS","5.0","L=0-4"
"2009-08-17","Weeds","","0.0","L=0-9"
"2009-08-18","Trees","JUNIPER, PINE","3.3333333333332997","L=0-14"
"2009-08-18","Grass","GRASS","15.0","L=0-4"
"2009-08-18","Weeds","NETTLE","2.5","L=0-9"
"2009-08-19","Trees","PINE","1.6666666666667","L=0-14"
"2009-08-19","Grass","GRASS","5.0","L=0-4"
"2009-08-19","Weeds","SHEEP SORREL","2.5","L=0-9"
"2009-08-20","Trees","PINE","1.6666666666667","L=0-14"
"2009-08-20","Grass","","0.0","L=0-4"
"2009-08-20","Weeds","NETTLE","2.5","L=0-9"
"2009-08-21","Trees","PINE","1.6666666666667","L=0-14"
"2009-08-21","Grass","","0.0","L=0-4"
"2009-08-21","Weeds","SHEEP SORREL","2.5","L=0-9"
"2009-08-24","Trees","","0.0","L=0-14"
"2009-08-24","Grass","","0.0","L=0-4"
"2009-08-24","Weeds","RAGWEED, PIGWEED","26.875","M=10-49"
"2009-08-25","Trees","","0.0","L=0-14"
"2009-08-25","Grass","GRASS","10.0","L=0-4"
"2009-08-25","Weeds","RAGWEED, NETTLE","10.0","L=0-9"
"2009-08-26","Trees","PINE, ELM, JUNIPER","6.6666666666667","L=0-14"
"2009-08-26","Grass","","0.0","L=0-4"
"2009-08-26","Weeds","RAGWEED, PIGWEED","7.5","L=0-9"
"2009-08-27","Trees","","0.0","L=0-14"
"2009-08-27","Grass","GRASS","5.0","L=0-4"
"2009-08-27","Weeds","RAGWEED, PIGWEED","5.0","L=0-9"
"2009-08-28","Trees","PINE","1.6666666666667","L=0-14"
"2009-08-28","Grass","GRASS","0.0","L=0-4"
"2009-08-28","Weeds","RAGWEED","2.5","L=0-9"
"2009-08-31","Trees","","0.0","L=0-14"
"2009-08-31","Grass","GRASS","5.0","L=0-4"
"2009-08-31","Weeds","RAGWEED","2.5","L=0-9"
"2009-09-01","Trees","ELM, ALDER","3.3333333333332997","L=0-14"
"2009-09-01","Grass","","0.0","L=0-4"
"2009-09-01","Weeds","NETTLE, PIGWEED","2.5","L=0-9"
"2009-09-02","Trees","ALDER, ELM","5.0","L=0-14"
"2009-09-02","Grass","GRASS","5.0","L=0-4"
"2009-09-02","Weeds","RAGWEED, SHEEP SORREL, NETTLE, PIGWEED","17.5","L=0-9"
"2009-09-03","Trees","ELM","1.6666666666667","L=0-14"
"2009-09-03","Grass","GRASS","5.0","L=0-4"
"2009-09-03","Weeds","RAGWEED","17.5","L=0-9"
"2009-09-04","Trees","ELM","3.3333333333332997","L=0-14"
"2009-09-04","Grass","","0.0","L=0-4"
"2009-09-04","Weeds","RAGWEED, SHEEP SORREL","15.0","L=0-9"
"2009-09-08","Trees","ELM, MULBERRY, ALDER, WILLOW, BIRCH","33.666666666667","M=15-89"
"2009-09-08","Grass","GRASS","10.0","L=0-4"
"2009-09-08","Weeds","RAGWEED, SHEEP SORREL, PLANTAIN","40.0","M=10-49"
"2009-09-09","Trees","ELM, MULBERRY, PINE, WILLOW","13.333333333333002","L=0-14"
"2009-09-09","Grass","GRASS","5.0","L=0-4"
"2009-09-09","Weeds","RAGWEED, SHEEP SORREL, PLANTAIN","29.375","M=10-49"
"2009-09-10","Trees","ELM, ALDER, JUNIPER","15.0","L=0-14"
"2009-09-10","Grass","GRASS","10.0","L=0-4"
"2009-09-10","Weeds","RAGWEED","22.5","L=0-9"
"2009-09-11","Trees","ELM","3.3333333333332997","L=0-14"
"2009-09-11","Grass","GRASS","5.0","L=0-4"
"2009-09-11","Weeds","RAGWEED, PLANTAIN, SHEEP SORREL, PIGWEED","29.375","M=10-49"
"2009-09-14","Trees","PINE","1.6666666666667","L=0-14"
"2009-09-14","Grass","","0.0","L=0-4"
"2009-09-14","Weeds","RAGWEED, SHEEP SORREL","33.75","M=10-49"
"2009-09-15","Trees","MULBERRY, OAK","5.0","L=0-14"
"2009-09-15","Grass","","0.0","L=0-4"
"2009-09-15","Weeds","RAGWEED, SHEEP SORREL","22.5","L=0-9"
"2009-09-16","Trees","","0.0","L=0-14"
"2009-09-16","Grass","GRASS","5.0","L=0-4"
"2009-09-16","Weeds","RAGWEED, PIGWEED","20.0","L=0-9"
"2009-09-17","Trees","","0.0","L=0-14"
"2009-09-17","Grass","","0.0","L=0-4"
"2009-09-17","Weeds","RAGWEED, PIGWEED","22.5","L=0-9"
"2009-09-18","Trees","","0.0","L=0-14"
"2009-09-18","Grass","","0.0","L=0-4"
"2009-09-18","Weeds","RAGWEED, NETTLE, SHEEP SORREL","17.5","L=0-9"
"2009-09-21","Trees","","0.0","L=0-14"
"2009-09-21","Grass","","0.0","L=0-4"
"2009-09-21","Weeds","","0.0","L=0-9"
"2009-09-22","Trees","","0.0","L=0-14"
"2009-09-22","Grass","GRASS","5.0","L=0-4"
"2009-09-22","Weeds","","0.0","L=0-9"
"2009-09-23","Trees","WILLOW","1.6666666666667","L=0-14"
"2009-09-23","Grass","GRASS","5.0","L=0-4"
"2009-09-23","Weeds","RAGWEED, SHEEP SORREL","22.5","L=0-9"
"2009-09-24","Trees","","0.0","L=0-14"
"2009-09-24","Grass","GRASS","10.0","L=0-4"
"2009-09-24","Weeds","RAGWEED, DOG FENNEL, PIGWEED","10.0","L=0-9"
"2009-09-25","Trees","ELM","3.3333333333332997","L=0-14"
"2009-09-25","Grass","GRASS","10.0","L=0-4"
"2009-09-25","Weeds","RAGWEED, PIGWEED","10.0","L=0-9"
"2009-09-28","Trees","JUNIPER, PINE","3.3333333333332997","L=0-14"
"2009-09-28","Grass","GRASS","10.0","L=0-4"
"2009-09-28","Weeds","RAGWEED, PIGWEED","50.166666666667005","H=50-499"
"2009-09-29","Trees","JUNIPER, WILLOW, PINE","6.6666666666667","L=0-14"
"2009-09-29","Grass","GRASS","10.0","L=0-4"
"2009-09-29","Weeds","RAGWEED, PIGWEED","43.75","M=10-49"
"2009-09-30","Trees","ELM","1.6666666666667","L=0-14"
"2009-09-30","Grass","","0.0","L=0-4"
"2009-09-30","Weeds","RAGWEED, DOG FENNEL, PIGWEED","38.75","M=10-49"
"2009-10-01","Trees","","0.0","L=0-14"
"2009-10-01","Grass","GRASS","5.0","L=0-4"
"2009-10-01","Weeds","RAGWEED","26.25","M=10-49"
"2009-10-02","Trees","","0.0","L=0-14"
"2009-10-02","Grass","","0.0","L=0-4"
"2009-10-02","Weeds","RAGWEED, PIGWEED","12.5","L=0-9"
"2009-10-05","Trees","JUNIPER, OAK, PINE, WILLOW","11.666666666666998","L=0-14"
"2009-10-05","Grass","GRASS","5.0","L=0-4"
"2009-10-05","Weeds","RAGWEED, PIGWEED","17.5","L=0-9"
"2009-10-06","Trees","OAK","1.6666666666667","L=0-14"
"2009-10-06","Grass","","0.0","L=0-4"
"2009-10-06","Weeds","","0.0","L=0-9"
"2009-10-07","Trees","PINE","1.6666666666667","L=0-14"
"2009-10-07","Grass","","0.0","L=0-4"
"2009-10-07","Weeds","","0.0","L=0-9"
"2009-10-08","Trees","","0.0","L=0-14"
"2009-10-08","Grass","","0.0","L=0-4"
"2009-10-08","Weeds","RAGWEED, PIGWEED","10.0","L=0-9"
"2009-10-09","Trees","","0.0","L=0-14"
"2009-10-09","Grass","GRASS","5.0","L=0-4"
"2009-10-09","Weeds","RAGWEED, DOG FENNEL","22.5","L=0-9"
"2009-10-12","Trees","","0.0","L=0-14"
"2009-10-12","Grass","","0.0","L=0-4"
"2009-10-12","Weeds","RAGWEED","2.5","L=0-9"
"2009-10-13","Trees","OAK","1.6666666666667","L=0-14"
"2009-10-13","Grass","","0.0","L=0-4"
"2009-10-13","Weeds","RAGWEED","2.5","L=0-9"
"2009-10-14","Trees","OAK, PINE","1.6666666666667","L=0-14"
"2009-10-14","Grass","","0.0","L=0-4"
"2009-10-14","Weeds","RAGWEED","2.5","L=0-9"
"2009-10-15","Trees","OAK, PINE","1.6666666666667","L=0-14"
"2009-10-15","Grass","","0.0","L=0-4"
"2009-10-15","Weeds","NETTLE, RAGWEED","2.5","L=0-9"
"2009-10-16","Trees","JUNIPER","1.6666666666667","L=0-14"
"2009-10-16","Grass","","0.0","L=0-4"
"2009-10-16","Weeds","RAGWEED","2.5","L=0-9"
"2009-10-19","Trees","OAK","1.6666666666667","L=0-14"
"2009-10-19","Grass","","0.0","L=0-4"
"2009-10-19","Weeds","RAGWEED","2.5","L=0-9"
"2009-10-20","Trees","","0.0","L=0-14"
"2009-10-20","Grass","","0.0","L=0-4"
"2009-10-20","Weeds","RAGWEED","2.5","L=0-9"
"2009-10-21","Trees","","0.0","L=0-14"
"2009-10-21","Grass","","0.0","L=0-4"
"2009-10-21","Weeds","PIGWEED","2.5","L=0-9"
"2009-10-22","Trees","","0.0","L=0-14"
"2009-10-22","Grass","GRASS","10.0","L=0-4"
"2009-10-22","Weeds","SHEEP SORREL","2.5","L=0-9"
"2009-10-23","Trees","PINE","1.6666666666667","L=0-14"
"2009-10-23","Grass","","0.0","L=0-4"
"2009-10-23","Weeds","RAGWEED","10.0","L=0-9"
"2009-10-26","Trees","","0.0","L=0-14"
"2009-10-26","Grass","","0.0","L=0-4"
"2009-10-26","Weeds","RAGWEED","2.5","L=0-9"
"2009-10-27","Trees","OAK","1.6666666666667","L=0-14"
"2009-10-27","Grass","","0.0","L=0-4"
"2009-10-27","Weeds","RAGWEED","2.5","L=0-9"
"2009-10-28","Trees","","0.0","L=0-14"
"2009-10-28","Grass","","0.0","L=0-4"
"2009-10-28","Weeds","RAGWEED","2.5","L=0-9"
"2009-10-29","Trees","PINE","1.6666666666667","L=0-14"
"2009-10-29","Grass","","0.0","L=0-4"
"2009-10-29","Weeds","","0.0","L=0-9"
"2009-10-30","Trees","","0.0","L=0-14"
"2009-10-30","Grass","","0.0","L=0-4"
"2009-10-30","Weeds","RAGWEED","2.5","L=0-9"
"2009-11-02","Trees","","0.0","L=0-14"
"2009-11-02","Grass","","0.0","L=0-4"
"2009-11-02","Weeds","PIGWEED","2.5","L=0-9"
"2009-11-03","Trees","","0.0","L=0-14"
"2009-11-03","Grass","","0.0","L=0-4"
"2009-11-03","Weeds","","0.0","L=0-9"
"2009-11-04","Trees","JUNIPER","1.6666666666667","L=0-14"
"2009-11-04","Grass","","0.0","L=0-4"
"2009-11-04","Weeds","RAGWEED","2.5","L=0-9"
"2009-11-05","Trees","PINE","1.6666666666667","L=0-14"
"2009-11-05","Grass","","0.0","L=0-4"
"2009-11-05","Weeds","RAGWEED","2.5","L=0-9"
"2009-11-06","Trees","","0.0","L=0-14"
"2009-11-06","Grass","","0.0","L=0-4"
"2009-11-06","Weeds","RAGWEED","2.5","L=0-9"
"2009-11-09","Trees","","0.0","L=0-14"
"2009-11-09","Grass","","0.0","L=0-4"
"2009-11-09","Weeds","NETTLE, PLANTAIN","2.5","L=0-9"
"2009-11-10","Trees","PINE","1.6666666666667","L=0-14"
"2009-11-10","Grass","","0.0","L=0-4"
"2009-11-10","Weeds","","0.0","L=0-9"
"2009-11-11","Trees","JUNIPER","1.6666666666667","L=0-14"
"2009-11-11","Grass","","0.0","L=0-4"
"2009-11-11","Weeds","","0.0","L=0-9"
"2009-11-12","Trees","","0.0","L=0-14"
"2009-11-12","Grass","","0.0","L=0-4"
"2009-11-12","Weeds","PIGWEED","2.5","L=0-9"
"2009-11-13","Trees","","0.0","L=0-14"
"2009-11-13","Grass","","0.0","L=0-4"
"2009-11-13","Weeds","","0.0","L=0-9"
"2009-11-16","Trees","","0.0","L=0-14"
"2009-11-16","Grass","","0.0","L=0-4"
"2009-11-16","Weeds","","0.0","L=0-9"
"2009-11-17","Trees","","0.0","L=0-14"
"2009-11-17","Grass","","0.0","L=0-4"
"2009-11-17","Weeds","RAGWEED","2.5","L=0-9"
"2009-11-18","Trees","JUNIPER","1.6666666666667","L=0-14"
"2009-11-18","Grass","","0.0","L=0-4"
"2009-11-18","Weeds","","0.0","L=0-9"
"2009-11-19","Trees","","0.0","L=0-14"
"2009-11-19","Grass","","0.0","L=0-4"
"2009-11-19","Weeds","","0.0","L=0-9"
"2009-11-20","Trees","PINE","1.6666666666667","L=0-14"
"2009-11-20","Grass","","0.0","L=0-4"
"2009-11-20","Weeds","RAGWEED","2.5","L=0-9"
"2009-11-23","Trees","","0.0","L=0-14"
"2009-11-23","Grass","","0.0","L=0-4"
"2009-11-23","Weeds","RAGWEED","2.5","L=0-9"
"2009-11-24","Trees","JUNIPER","1.6666666666667","L=0-14"
"2009-11-24","Grass","","0.0","L=0-4"
"2009-11-24","Weeds","","0.0","L=0-9"
"2009-11-25","Trees","","0.0","L=0-14"
"2009-11-25","Grass","","0.0","L=0-4"
"2009-11-25","Weeds","SHEEP SORREL","2.5","L=0-9"
"2009-11-30","Trees","","0.0","L=0-14"
"2009-11-30","Grass","","0.0","L=0-4"
"2009-11-30","Weeds","RAGWEED, SHEEP SORREL","2.5","L=0-9"
"2009-12-01","Trees","JUNIPER, PINE","3.3333333333332997","L=0-14"
"2009-12-01","Grass","","0.0","L=0-4"
"2009-12-01","Weeds","RAGWEED","2.5","L=0-9"
"2009-12-02","Trees","","0.0","L=0-14"
"2009-12-02","Grass","","0.0","L=0-4"
"2009-12-02","Weeds","RAGWEED","2.5","L=0-9"
"2009-12-03","Trees","","0.0","L=0-14"
"2009-12-03","Grass","","0.0","L=0-4"
"2009-12-03","Weeds","","0.0","L=0-9"
"2009-12-04","Trees","","0.0","L=0-14"
"2009-12-04","Grass","","0.0","L=0-4"
"2009-12-04","Weeds","","0.0","L=0-9"
"2009-12-07","Trees","","0.0","L=0-14"
"2009-12-07","Grass","","0.0","L=0-4"
"2009-12-07","Weeds","RAGWEED","2.5","L=0-9"
"2009-12-08","Trees","JUNIPER","1.6666666666667","L=0-14"
"2009-12-08","Grass","","0.0","L=0-4"
"2009-12-08","Weeds","","0.0","L=0-9"
"2009-12-09","Trees","JUNIPER","1.6666666666667","L=0-14"
"2009-12-09","Grass","","0.0","L=0-4"
"2009-12-09","Weeds","PIGWEED","2.5","L=0-9"
"2009-12-10","Trees","JUNIPER","3.3333333333332997","L=0-14"
"2009-12-10","Grass","","0.0","L=0-4"
"2009-12-10","Weeds","RAGWEED","10.0","L=0-9"
"2009-12-11","Trees","JUNIPER","1.6666666666667","L=0-14"
"2009-12-11","Grass","","0.0","L=0-4"
"2009-12-11","Weeds","RAGWEED","2.5","L=0-9"
"2009-12-14","Trees","","0.0","L=0-14"
"2009-12-14","Grass","","0.0","L=0-4"
"2009-12-14","Weeds","","0.0","L=0-9"
"2009-12-15","Trees","","0.0","L=0-14"
"2009-12-15","Grass","","0.0","L=0-4"
"2009-12-15","Weeds","RAGWEED","2.5","L=0-9"
"2009-12-16","Trees","JUNIPER, PINE","3.3333333333332997","L=0-14"
"2009-12-16","Grass","","0.0","L=0-4"
"2009-12-16","Weeds","","0.0","L=0-9"
"2009-12-17","Trees","JUNIPER","1.6666666666667","L=0-14"
"2009-12-17","Grass","","0.0","L=0-4"
"2009-12-17","Weeds","","0.0","L=0-9"
"2009-12-18","Trees","JUNIPER","1.6666666666667","L=0-14"
"2009-12-18","Grass","","0.0","L=0-4"
"2009-12-18","Weeds","","0.0","L=0-9"
"2009-12-21","Trees","JUNIPER","1.6666666666667","L=0-14"
"2009-12-21","Grass","","0.0","L=0-4"
"2009-12-21","Weeds","","0.0","L=0-9"
"2009-12-22","Trees","","0.0","L=0-14"
"2009-12-22","Grass","","0.0","L=0-4"
"2009-12-22","Weeds","","0.0","L=0-9"
"2009-12-23","Trees","JUNIPER","15.0","L=0-14"
"2009-12-23","Grass","","0.0","L=0-4"
"2009-12-23","Weeds","","0.0","L=0-9"
"2009-12-28","Trees","JUNIPER","1.6666666666667","L=0-14"
"2009-12-28","Grass","","0.0","L=0-4"
"2009-12-28","Weeds","RAGWEED","2.5","L=0-9"
"2009-12-29","Trees","","0.0","L=0-14"
"2009-12-29","Grass","","0.0","L=0-4"
"2009-12-29","Weeds","","0.0","L=0-9"
"2009-12-30","Trees","","0.0","L=0-14"
"2009-12-30","Grass","","0.0","L=0-4"
"2009-12-30","Weeds","","0.0","L=0-9"
"2009-12-31","Trees","JUNIPER","1.6666666666667","L=0-14"
"2009-12-31","Grass","","0.0","L=0-4"
"2009-12-31","Weeds","","0.0","L=0-9"
